{
  "next-env.d.ts": 1775782261.4984963,
  "next.config.ts": 312764400.0,
  "app/layout.tsx": 1775772290.9507968,
  "app/page.tsx": 1775774655.3218818,
  "app/wall-of-shame/page.tsx": 1775772993.0095587,
  "app/results/[address]/page.tsx": 1775923427.6137655,
  "app/api/leaderboard/route.ts": 312764400.0,
  "app/api/status/[jobId]/route.ts": 1775775362.9103453,
  "app/api/results/[address]/route.ts": 1775923446.5281532,
  "app/api/analyze/route.ts": 1775787307.31177,
  "app/api/share/[address]/route.ts": 1775772413.4639492,
  "lib/utils.ts": 312764400.0,
  "lib/types.ts": 1775923452.1190894,
  "lib/rate-limiter.ts": 1775919923.7835524,
  "lib/constants.ts": 1775923441.266874,
  "lib/job-queue.ts": 312764400.0,
  "lib/db.ts": 1775787405.0055387,
  "lib/analysis/filter.ts": 1775919808.8446915,
  "lib/analysis/calculator.ts": 1775919907.8614337,
  "lib/analysis/pipeline.ts": 1775920207.5285778,
  "lib/analysis/sandwich.ts": 312764400.0,
  "lib/data-sources/tenderly.ts": 1775920221.4609761,
  "lib/data-sources/etherscan.ts": 1775923434.73391,
  "lib/data-sources/dune.ts": 1775780758.2103949
}